delta,lo,hi,excludes_zero,n,comparison,kind,share_of_total_gain
-0.028780713050984404,-0.031008012186813195,-0.026570449383227678,True,10984,base -> base+elo,marginal,0.9041546638715133
-0.0020321744093591784,-0.002800753932927571,-0.0012486693926666253,True,10984,base+elo -> base+elo+form,marginal,0.06384136372047229
-0.0009701057727448515,-0.001410609898106038,-0.0005009292855069363,True,10984,base+elo+form -> base+elo+form+xg,marginal,0.030476161494752647
-4.863270549586477e-05,-0.00027871456640670713,0.000178175687326336,False,10984,base+elo+form+xg -> base+elo+form+xg+squad,marginal,0.0015278109132626902
0.0,0.0,0.0,False,10984,base+elo+form+xg+squad -> full,marginal,-0.0
-0.028780713050984404,-0.031008012186813195,-0.026570449383227678,True,10984,base -> base+elo,vs_base,
-0.030812887460343587,-0.03312121935979422,-0.02851368360991493,True,10984,base -> base+elo+form,vs_base,
-0.03178299323308843,-0.03415533866288956,-0.029409625986128292,True,10984,base -> base+elo+form+xg,vs_base,
-0.031831625938584296,-0.03420679922315818,-0.029439390905987014,True,10984,base -> base+elo+form+xg+squad,vs_base,
-0.031831625938584296,-0.03420679922315818,-0.029439390905987014,True,10984,base -> full,vs_base,
0.0005540640630244534,0.00011922240227778872,0.0009746196932479379,True,10984,full vs full-minus-elo,leave_one_out,
0.00039444100453763084,-8.071473159938195e-05,0.0008697272198514074,False,10984,full vs full-minus-form,leave_one_out,
0.0005193708147873004,9.521861629434902e-05,0.0009257073438673917,True,10984,full vs full-minus-xg,leave_one_out,
4.863270549586477e-05,-0.000178175687326336,0.00027871456640670697,False,10984,full vs full-minus-squad,leave_one_out,
