rps,log_loss,brier,accuracy,n,goals_mae,goals_rmse,season,n_train,rho,temperature,ece,ece_raw,rps_raw,rps_base_rate,rps_market,n_with_odds,rps_on_odds_subset,rung
0.237312609719418,1.095243254227157,0.6648002948089767,0.39923329682365827,1826,0.9833865786236614,1.2415007073558562,2021,18159,-0.03835838637819758,1.0,0.035964316276125216,0.035964316276125216,0.237312609719418,0.23643193012490374,0.19842024017849405,1822,0.23741255618496915,base
0.23021660037831393,1.0791015772129773,0.6532328683227302,0.4293537787513691,1826,0.9920636743109272,1.2591061551474474,2122,19985,-0.040445013688015015,1.8197284314937467,0.02007129188008196,0.015915874969278865,0.23051918420628487,0.23052055754446146,0.1965036574137806,1825,0.23019277107344993,base
0.22941171646002761,1.0662688173126444,0.6442793576268984,0.45454545454545453,1826,0.9611795011707759,1.2329243010725106,2223,21811,-0.04136017085434128,1.4846422867757092,0.027309150299390503,0.007826411767153447,0.22834840152307523,0.22913850015691378,0.2001870492092889,1826,0.22941171646002761,base
0.227074211829411,1.0725686668374486,0.6486096978905395,0.4337899543378995,1752,0.9891092009233601,1.2463198136636715,2324,23637,-0.03850680273086762,1.2499993221118695,0.005561487143635988,0.013195788802790216,0.22717489496136903,0.2287876967071198,0.18766995059069386,1752,0.227074211829411,base
0.23234238315031236,1.077868475844937,0.6526042888360304,0.4229452054794521,1752,0.9743674438549929,1.231597944914526,2425,25389,-0.039592013803587955,1.2172685310007039,0.013102427680647406,0.01784329607967341,0.23310693833223664,0.23340076216219477,0.19463141609768256,1752,0.23234238315031236,base
0.22943715938240747,1.0728082844804572,0.6488961912088833,0.4372146118721461,1752,0.9624473348834982,1.1954233657667335,2526,27141,-0.03833516144554784,1.2249709394190798,0.01731594083409322,0.006942508667851842,0.22962046305636394,0.22930522497212494,0.19779996022569646,1752,0.22943715938240747,base
0.23317044226086703,1.0779297175551323,0.6528606518442249,0.416,250,1.0332783587639212,1.3206568469139919,2627,28893,-0.03653175397773561,1.204930724984227,0.005126723585956348,0.027647926469867447,0.23424779926628456,0.2317957239831097,0.20127465854092624,250,0.23317044226086703,base
0.2063599581004949,1.0073052289739453,0.6001768096915021,0.5125958378970427,1826,0.9186942348095652,1.1690596876367663,2021,18159,-0.053976084148874094,1.0,0.01683654919175076,0.01683654919175076,0.2063599581004949,0.23643193012490374,0.19842024017849405,1822,0.20626552403124518,base+elo
0.20345808933985535,0.9991634756036951,0.5964028681988538,0.5136911281489595,1826,0.9275880076220819,1.1872408152880491,2122,19985,-0.0566327284138218,1.1520080159036927,0.011586975138755524,0.011852115874156228,0.203510466277214,0.23052055754446146,0.1965036574137806,1825,0.20339421318373146,base+elo
0.20317748997939353,0.9887285149128238,0.5893118282165982,0.5372398685651698,1826,0.9008510314433468,1.1716110222609109,2223,21811,-0.05664880509802089,1.1212015221411615,0.01694584316822725,0.009329726964657852,0.203038533971521,0.22913850015691378,0.2001870492092889,1826,0.20317748997939353,base+elo
0.19528307159748265,0.9786950755941095,0.5831999061814748,0.5296803652968036,1752,0.918672070302858,1.1706840182959837,2324,23637,-0.0534371699140085,1.0942765443299391,0.011175902971106053,0.013230449815029506,0.19487328783540614,0.2287876967071198,0.18766995059069386,1752,0.19528307159748265,base+elo
0.2018345834572939,0.9885850259721033,0.5898672562283349,0.5331050228310502,1752,0.9112955185954469,1.1619587992304867,2425,25389,-0.0554857341870394,1.064994015640873,0.007171295301157746,0.007164600483195099,0.20188348251346672,0.23340076216219477,0.19463141609768256,1752,0.2018345834572939,base+elo
0.203292908417643,0.9957113471578927,0.59414519553324,0.5199771689497716,1752,0.904318142609605,1.135303393479121,2526,27141,-0.05491976375165561,1.0620562037100612,0.011117028178771407,0.0138603222797433,0.20335516131159168,0.22930522497212494,0.19779996022569646,1752,0.203292908417643,base+elo
0.20160803767198038,0.984063456564546,0.5852656303868983,0.504,250,0.9670161784627248,1.2245892403255245,2627,28893,-0.05360876822414089,1.0596925627828992,0.03447580382441648,0.03853421831438522,0.20128236913254627,0.2317957239831097,0.20127465854092624,250,0.20160803767198038,base+elo
0.20402404959774334,0.9999170434434635,0.5950252513195672,0.5208105147864184,1826,0.9042358925208227,1.1618488135273237,2021,18159,-0.0561404177841986,1.0,0.010523172608631262,0.010523172608631262,0.20402404959774334,0.23643193012490374,0.19842024017849405,1822,0.20384423670671295,base+elo+form
0.20002056135477586,0.9883980567563809,0.5889755424370318,0.5240963855421686,1826,0.9135507929235251,1.1740215402519738,2122,19985,-0.05938810200566126,1.041065462274898,0.004719283425055399,0.005019072848405009,0.19994680847807178,0.23052055754446146,0.1965036574137806,1825,0.19995381794777523,base+elo+form
0.2023365446530168,0.9854384225818216,0.5870942157403781,0.5312157721796276,1826,0.8922930449792841,1.1607371255446268,2223,21811,-0.05970730913888717,1.014236009729731,0.01158309137727604,0.011167915677786966,0.20233688352797402,0.22913850015691378,0.2001870492092889,1826,0.2023365446530168,base+elo+form
0.19401835071926532,0.9745634429019664,0.580538894340054,0.535958904109589,1752,0.9166304880627867,1.162272994969855,2324,23637,-0.0563135166673658,1.0099947518054748,0.013214299172045318,0.01389304843829968,0.19397840180123085,0.2287876967071198,0.18766995059069386,1752,0.19401835071926532,base+elo+form
0.19967733307281316,0.9811305386184603,0.5849556362676891,0.5308219178082192,1752,0.9029690270481182,1.1485423087451911,2425,25389,-0.05839565403150301,0.9952153948445271,0.006005405388201503,0.006452618783465482,0.19967608451653435,0.23340076216219477,0.19463141609768256,1752,0.19967733307281316,base+elo+form
0.200777917213254,0.9885179261274748,0.5891381022060631,0.5211187214611872,1752,0.8959321454751842,1.1255541104522124,2526,27141,-0.057672980709718026,0.9964857600309752,0.00833977149831474,0.009037061348456416,0.2007835820552927,0.22930522497212494,0.19779996022569646,1752,0.200777917213254,base+elo+form
0.20224010056269556,0.9851282108565665,0.5863130572157175,0.488,250,0.9592974578885598,1.2066640868485365,2627,28893,-0.05622612852429182,0.9932261135829615,0.05008864253745382,0.049861766967695835,0.20224245529528326,0.2317957239831097,0.20127465854092624,250,0.20224010056269556,base+elo+form
0.20272881187391475,0.9954034336202527,0.5924940787869086,0.5169769989047097,1826,0.9034621927039017,1.157809785455372,2021,18159,-0.05732122141335886,1.0,0.006698952682025198,0.006698952682025198,0.20272881187391475,0.23643193012490374,0.19842024017849405,1822,0.2025752045867905,base+elo+form+xg
0.20013983536691965,0.9886098554060715,0.588934037132645,0.523001095290252,1826,0.9194343499615137,1.1735847756842164,2122,19985,-0.06070645993537394,1.0391597877777474,0.010507763345232573,0.011537158302505067,0.20009502079706193,0.23052055754446146,0.1965036574137806,1825,0.20009470177958427,base+elo+form+xg
0.20162081202139848,0.9828551218201899,0.5856103933473122,0.5350492880613362,1826,0.8992244359885351,1.1618298006433523,2223,21811,-0.060482582149103285,1.022967125064732,0.009012869673543597,0.007819458363500915,0.20163682627318988,0.22913850015691378,0.2001870492092889,1826,0.20162081202139848,base+elo+form+xg
0.19310134839059717,0.972466247513829,0.5788250052998074,0.5393835616438356,1752,0.9220135080363043,1.1594311931339212,2324,23637,-0.05671104742930729,1.0223383886793105,0.016944092381725707,0.01707358103470536,0.192996318278046,0.2287876967071198,0.18766995059069386,1752,0.19310134839059717,base+elo+form+xg
0.19708561972441785,0.9725974662819528,0.5792650982247194,0.535958904109589,1752,0.9045279628205333,1.142424740183691,2425,25389,-0.05897118451806289,1.0061591666062812,0.011613310489372478,0.011096971888574383,0.19707592296951065,0.23340076216219477,0.19463141609768256,1752,0.19708561972441785,base+elo+form+xg
0.20015162959684873,0.9864989840955398,0.5878864260428351,0.5188356164383562,1752,0.901122833883789,1.124599034277559,2526,27141,-0.05811533163927813,1.0000862462364561,0.005347353994517628,0.0053494830718402555,0.20015147804574412,0.22930522497212494,0.19779996022569646,1752,0.20015162959684873,base+elo+form+xg
0.20241258650349198,0.9857104720400546,0.586394855252327,0.496,250,0.9606237225475177,1.197882004113456,2627,28893,-0.05637983278495698,0.9962394364199233,0.03734899932905477,0.03821309800006707,0.20241591589231364,0.2317957239831097,0.20127465854092624,250,0.20241258650349198,base+elo+form+xg
0.20228169692382683,0.9939750874693235,0.5913805128141888,0.5191675794085433,1826,0.9022215859091026,1.1563910777218387,2021,18159,-0.05822601790931862,1.0,0.00791426732014343,0.00791426732014343,0.20228169692382683,0.23643193012490374,0.19842024017849405,1822,0.2021182719098819,base+elo+form+xg+squad
0.20032530237026458,0.9894235167663497,0.5894475520409297,0.5186199342825849,1826,0.9202246490580515,1.1740539731284496,2122,19985,-0.06082405382202937,1.0348250085927992,0.0068914218046058,0.010732490036391925,0.20031142878531175,0.23052055754446146,0.1965036574137806,1825,0.20027760482904117,base+elo+form+xg+squad
0.20189612160918843,0.9837862777329769,0.5860473302613123,0.5345016429353778,1826,0.9002163569892673,1.1621540933792824,2223,21811,-0.060792637689018006,1.028813871634082,0.009907060789939198,0.009717556525883006,0.20191774519225913,0.22913850015691378,0.2001870492092889,1826,0.20189612160918843,base+elo+form+xg+squad
0.19272981246360632,0.971052380626214,0.5778961641108648,0.535958904109589,1752,0.9201325483382011,1.1577102953511835,2324,23637,-0.05725415094803843,1.0283227616642148,0.015825093058656037,0.015821386168556502,0.1925949858143925,0.2287876967071198,0.18766995059069386,1752,0.19272981246360632,base+elo+form+xg+squad
0.19730372622017936,0.9734137542656033,0.5796471110439507,0.5376712328767124,1752,0.9042966495829443,1.143245025056658,2425,25389,-0.05939348942046188,1.009924271792758,0.012430244017724943,0.011283471377381471,0.19729048758748555,0.23340076216219477,0.19463141609768256,1752,0.19730372622017936,base+elo+form+xg+squad
0.19994608775068587,0.9856637302841637,0.587318269178394,0.519406392694064,1752,0.9013267561507387,1.1255358252016143,2526,27141,-0.05816658609682545,1.0044254850124248,0.007445516070339156,0.00664595103961772,0.19993930609870134,0.22930522497212494,0.19779996022569646,1752,0.19994608775068587,base+elo+form+xg+squad
0.20269174604058326,0.9865618330133181,0.5871535103135148,0.496,250,0.9613338984875375,1.200344432942429,2627,28893,-0.05673653568026774,1.0004808117025425,0.03735774967407765,0.03734999918633342,0.20269164816667684,0.2317957239831097,0.20127465854092624,250,0.20269174604058326,base+elo+form+xg+squad
0.20228169692382683,0.9939750874693235,0.5913805128141888,0.5191675794085433,1826,0.9022215859091026,1.1563910777218387,2021,18159,-0.05822601790931862,1.0,0.00791426732014343,0.00791426732014343,0.20228169692382683,0.23643193012490374,0.19842024017849405,1822,0.2021182719098819,full
0.20032530237026458,0.9894235167663497,0.5894475520409297,0.5186199342825849,1826,0.9202246490580515,1.1740539731284496,2122,19985,-0.06082405382202937,1.0348250085927992,0.0068914218046058,0.010732490036391925,0.20031142878531175,0.23052055754446146,0.1965036574137806,1825,0.20027760482904117,full
0.20189612160918843,0.9837862777329769,0.5860473302613123,0.5345016429353778,1826,0.9002163569892673,1.1621540933792824,2223,21811,-0.060792637689018006,1.028813871634082,0.009907060789939198,0.009717556525883006,0.20191774519225913,0.22913850015691378,0.2001870492092889,1826,0.20189612160918843,full
0.19272981246360632,0.971052380626214,0.5778961641108648,0.535958904109589,1752,0.9201325483382011,1.1577102953511835,2324,23637,-0.05725415094803843,1.0283227616642148,0.015825093058656037,0.015821386168556502,0.1925949858143925,0.2287876967071198,0.18766995059069386,1752,0.19272981246360632,full
0.19730372622017936,0.9734137542656033,0.5796471110439507,0.5376712328767124,1752,0.9042966495829443,1.143245025056658,2425,25389,-0.05939348942046188,1.009924271792758,0.012430244017724943,0.011283471377381471,0.19729048758748555,0.23340076216219477,0.19463141609768256,1752,0.19730372622017936,full
0.19994608775068587,0.9856637302841637,0.587318269178394,0.519406392694064,1752,0.9013267561507387,1.1255358252016143,2526,27141,-0.05816658609682545,1.0044254850124248,0.007445516070339156,0.00664595103961772,0.19993930609870134,0.22930522497212494,0.19779996022569646,1752,0.19994608775068587,full
0.20269174604058326,0.9865618330133181,0.5871535103135148,0.496,250,0.9613338984875375,1.200344432942429,2627,28893,-0.05673653568026774,1.0004808117025425,0.03735774967407765,0.03734999918633342,0.20269164816667684,0.2317957239831097,0.20127465854092624,250,0.20269174604058326,full
0.2031600346724969,0.996830646772386,0.5932949755357912,0.5136911281489595,1826,0.9045204375125763,1.1597691669087828,2021,18159,-0.058223888893634855,1.0,0.008848824386068812,0.008848824386068812,0.2031600346724969,0.23643193012490374,0.19842024017849405,1822,0.20296586789123428,full-minus-elo
0.20061063854306066,0.9903569292725036,0.5897935042008629,0.5213581599123768,1826,0.9196096025835128,1.1736428873236027,2122,19985,-0.06148815120843081,1.0415772987524878,0.007813003869080215,0.010618918496573081,0.2005812922437808,0.23052055754446146,0.1965036574137806,1825,0.2005871737679896,full-minus-elo
0.20192249640663373,0.9841798085792497,0.5864844005128027,0.5350492880613362,1826,0.8997753501900141,1.1621662092663203,2223,21811,-0.06136758430322947,1.0301880272920967,0.011123750399165981,0.010647672905953443,0.20192936938142528,0.22913850015691378,0.2001870492092889,1826,0.20192249640663373,full-minus-elo
0.1936616157849619,0.974213757626458,0.5798279216446792,0.5331050228310502,1752,0.9187340204800131,1.1575126564466731,2324,23637,-0.05753739428965422,1.0271333990242006,0.011773574770232371,0.011256867021828097,0.19354405348583353,0.2287876967071198,0.18766995059069386,1752,0.1936616157849619,full-minus-elo
0.19740487558655828,0.9744800098473679,0.5801609068889813,0.5371004566210046,1752,0.9018703322985705,1.1411802549465606,2425,25389,-0.06007955525294404,1.0113991667724602,0.012565639231811069,0.01068326525848191,0.19737839650520803,0.23340076216219477,0.19463141609768256,1752,0.19740487558655828,full-minus-elo
0.20114122264366938,0.9894265209542323,0.5898091140129657,0.514269406392694,1752,0.9032718248415422,1.1264372376050817,2526,27141,-0.058918242886060034,1.0036896409571576,0.0055891469573818835,0.006137680002206589,0.2011368572272962,0.22930522497212494,0.19779996022569646,1752,0.20114122264366938,full-minus-elo
0.20272855110502425,0.9854947326804779,0.586768378069422,0.488,250,0.9620376530768053,1.2021122963188993,2627,28893,-0.05765984268356964,1.0010852227116822,0.04562187610756349,0.045642416182811396,0.20272951870475406,0.2317957239831097,0.20127465854092624,250,0.20272855110502425,full-minus-elo
0.202833039262861,0.9958608489754114,0.5925591177203435,0.5164293537787513,1826,0.9079376194708615,1.1578429385515256,2021,18159,-0.05723824811738666,1.0,0.01513122930464164,0.01513122930464164,0.202833039262861,0.23643193012490374,0.19842024017849405,1822,0.2026800624305896,full-minus-form
0.2006894803193303,0.990598231100241,0.5903606784348128,0.524644030668127,1826,0.9242695931994271,1.1764156658306189,2122,19985,-0.05956394907165934,1.072610242650355,0.00975403132574455,0.0148652970998645,0.20066250157587917,0.23052055754446146,0.1965036574137806,1825,0.20067214911827572,full-minus-form
0.20250599035022135,0.9859514387572939,0.5874224465265747,0.5312157721796276,1826,0.9071511043503052,1.1677380090250278,2223,21811,-0.05955550333715895,1.057544144315409,0.011228498923011754,0.008689760967279591,0.2025454890348501,0.22913850015691378,0.2001870492092889,1826,0.20250599035022135,full-minus-form
0.19316757756116792,0.972646459760248,0.5789144738035538,0.53824200913242,1752,0.9197597910290923,1.157323728233119,2324,23637,-0.05497322200001154,1.0548351106780112,0.00912021652649333,0.008748023564919806,0.19287648136149016,0.2287876967071198,0.18766995059069386,1752,0.19316757756116792,full-minus-form
0.19682450533500082,0.9717091572475242,0.5785236546161251,0.5399543378995434,1752,0.9088884901280331,1.1448068767962056,2425,25389,-0.05725215722799727,1.030963060737071,0.01040198721251298,0.006801754504093192,0.1967756135105297,0.23340076216219477,0.19463141609768256,1752,0.19682450533500082,full-minus-form
0.20125883292543525,0.9894531854168901,0.5898413409914478,0.5171232876712328,1752,0.9086475504814916,1.1302181628568226,2526,27141,-0.05692398622688621,1.0224001288094975,0.012201655967091413,0.012296011824515354,0.20125592320853045,0.22930522497212494,0.19779996022569646,1752,0.20125883292543525,full-minus-form
0.19997126852213865,0.9792276274538342,0.5821060490673009,0.516,250,0.9635438514204756,1.2033888936663661,2627,28893,-0.05508649964985789,1.0208898831064,0.04418137897942566,0.047658536359208,0.19988088243281255,0.2317957239831097,0.20127465854092624,250,0.19997126852213865,full-minus-form
0.20272758501706453,0.9960361017954286,0.5921736498148364,0.515881708652793,1826,0.9030750471434092,1.1596648147338438,2021,18159,-0.056573913815415176,1.0,0.011566891510597477,0.011566891510597477,0.20272758501706453,0.23643193012490374,0.19842024017849405,1822,0.20253675276632124,full-minus-xg
0.19987049083831962,0.9881730209661069,0.5886252959072767,0.524644030668127,1826,0.9158108761612067,1.1731836282807517,2122,19985,-0.05977204903761601,1.0278709410023843,0.008656279004275989,0.010310910280482392,0.19984362274600914,0.23052055754446146,0.1965036574137806,1825,0.19981086499418904,full-minus-xg
0.20228271533504066,0.9850670892713475,0.5866624419951404,0.5366922234392114,1826,0.8942289910085024,1.1602411305090452,2223,21811,-0.05993762160645613,1.0157661203428663,0.010482281003742487,0.011234350086864586,0.20228972417231258,0.22913850015691378,0.2001870492092889,1826,0.20228271533504066,full-minus-xg
0.1934832372288448,0.9729690815506427,0.5793818046431465,0.5348173515981736,1752,0.9151049347518628,1.1594731308055293,2324,23637,-0.05720581525154807,1.01428811749462,0.011498140983588664,0.010926894953518796,0.19342721711157537,0.2287876967071198,0.18766995059069386,1752,0.1934832372288448,full-minus-xg
0.1989774806420987,0.9791342707766072,0.5834106811071957,0.5291095890410958,1752,0.9043043848319071,1.1480463086849955,2425,25389,-0.05895617037793172,0.9995403195521879,0.009552712430850504,0.009693383990035529,0.19897748016336195,0.23340076216219477,0.19463141609768256,1752,0.1989774806420987,full-minus-xg
0.2003384890629685,0.9870417024240178,0.588177108009609,0.5234018264840182,1752,0.8962631789457152,1.1251903288950473,2526,27141,-0.05811740494825677,0.9999102317060655,0.007511854225846558,0.007512933748489788,0.20033859916946475,0.22930522497212494,0.19779996022569646,1752,0.2003384890629685,full-minus-xg
0.20299269824169242,0.9872546185012279,0.5879640221827015,0.5,250,0.9585964681608166,1.2093488559243122,2627,28893,-0.056928331294463355,0.997216301944406,0.045699836365288966,0.04562706039959558,0.20298973796761322,0.2317957239831097,0.20127465854092624,250,0.20299269824169242,full-minus-xg
0.20272881187391475,0.9954034336202527,0.5924940787869086,0.5169769989047097,1826,0.9034621927039017,1.157809785455372,2021,18159,-0.05732122141335886,1.0,0.006698952682025198,0.006698952682025198,0.20272881187391475,0.23643193012490374,0.19842024017849405,1822,0.2025752045867905,full-minus-squad
0.20013983536691965,0.9886098554060715,0.588934037132645,0.523001095290252,1826,0.9194343499615137,1.1735847756842164,2122,19985,-0.06070645993537394,1.0391597877777474,0.010507763345232573,0.011537158302505067,0.20009502079706193,0.23052055754446146,0.1965036574137806,1825,0.20009470177958427,full-minus-squad
0.20162081202139848,0.9828551218201899,0.5856103933473122,0.5350492880613362,1826,0.8992244359885351,1.1618298006433523,2223,21811,-0.060482582149103285,1.022967125064732,0.009012869673543597,0.007819458363500915,0.20163682627318988,0.22913850015691378,0.2001870492092889,1826,0.20162081202139848,full-minus-squad
0.19310134839059717,0.972466247513829,0.5788250052998074,0.5393835616438356,1752,0.9220135080363043,1.1594311931339212,2324,23637,-0.05671104742930729,1.0223383886793105,0.016944092381725707,0.01707358103470536,0.192996318278046,0.2287876967071198,0.18766995059069386,1752,0.19310134839059717,full-minus-squad
0.19708561972441785,0.9725974662819528,0.5792650982247194,0.535958904109589,1752,0.9045279628205333,1.142424740183691,2425,25389,-0.05897118451806289,1.0061591666062812,0.011613310489372478,0.011096971888574383,0.19707592296951065,0.23340076216219477,0.19463141609768256,1752,0.19708561972441785,full-minus-squad
0.20015162959684873,0.9864989840955398,0.5878864260428351,0.5188356164383562,1752,0.901122833883789,1.124599034277559,2526,27141,-0.05811533163927813,1.0000862462364561,0.005347353994517628,0.0053494830718402555,0.20015147804574412,0.22930522497212494,0.19779996022569646,1752,0.20015162959684873,full-minus-squad
0.20241258650349198,0.9857104720400546,0.586394855252327,0.496,250,0.9606237225475177,1.197882004113456,2627,28893,-0.05637983278495698,0.9962394364199233,0.03734899932905477,0.03821309800006707,0.20241591589231364,0.2317957239831097,0.20127465854092624,250,0.20241258650349198,full-minus-squad
