rps,log_loss,brier,accuracy,n,rps_uncalibrated,rung,families,n_features,rps_market,n_with_odds,rps_base_rate,seconds,kind,d_rps_vs_prev,d_rps_vs_base,d_log_loss_vs_prev,d_log_loss_vs_base,d_brier_vs_prev,d_brier_vs_base,d_accuracy_vs_prev,d_accuracy_vs_base
0.23104320102896383,1.07738245997821,0.6521295391122708,0.42916970138383104,10984,0.231108504179824,base,base,6,0.19604140574097959,10979,0.23129169782017162,8.5,ladder,,0.0,,0.0,,0.0,,0.0
0.20226248797797947,0.9929358161958627,0.5920894345287915,0.5238528769118718,10984,0.20219304938983654,base+elo,"base,elo",9,0.19604140574097959,10979,0.23129169782017162,9.5,ladder,-0.02878071305098437,-0.02878071305098437,-0.08444664378234734,-0.08444664378234734,-0.0600401045834793,-0.0600401045834793,0.09468317552804073,0.09468317552804073
0.20023031356862028,0.9863997858259821,0.587646952324763,0.5264020393299345,10984,0.2002124950639054,base+elo+form,"base,elo,form",129,0.19604140574097959,10979,0.23129169782017162,34.4,ladder,-0.002032174409359183,-0.030812887460343552,-0.006536030369880597,-0.09098267415222794,-0.004442482204028431,-0.06448258678750773,0.0025491624180626893,0.09723233794610342
0.19926020779587544,0.9832508360270708,0.5855937647065182,0.5274034959941734,10984,0.19923717210551617,base+elo+form+xg,"base,elo,form,xg",223,0.19604140574097959,10979,0.23129169782017162,82.9,ladder,-0.0009701057727448392,-0.03178299323308839,-0.003148949798911338,-0.09413162395113928,-0.0020531876182448006,-0.06653577440575253,0.0010014566642388978,0.09823379461034232
0.19921157509037957,0.9830942804548801,0.5854060701686785,0.5267662053896577,10984,0.19918816241739226,base+elo+form+xg+squad,"base,elo,form,xg,squad",235,0.19604140574097959,10979,0.23129169782017162,85.4,ladder,-4.863270549587684e-05,-0.03183162593858427,-0.00015655557219063088,-0.0942881795233299,-0.00018769453783973322,-0.06672346894359227,-0.0006372906045156723,0.09759650400582665
0.19921157509037957,0.9830942804548801,0.5854060701686785,0.5267662053896577,10984,0.19918816241739226,full,ALL,235,0.19604140574097959,10979,0.23129169782017162,81.8,ladder,0.0,-0.03183162593858427,0.0,-0.0942881795233299,0.0,-0.06672346894359227,0.0,0.09759650400582665
0.19976563915340398,0.9850398099799487,0.5866331180985572,0.5248543335761107,10984,0.19973825358360542,full-minus-elo,"base,form,xg,squad",232,0.19604140574097959,10979,0.23129169782017162,81.4,leave_one_out,,,,,,,,
0.1996060160949172,0.9843828783776791,0.5862531935371413,0.5275855790240349,10984,0.19955134639789723,full-minus-form,"base,elo,xg,squad",115,0.19604140574097959,10979,0.23129169782017162,37.2,leave_one_out,,,,,,,,
0.19973094590516682,0.9848956804189342,0.5864961969942475,0.5267662053896577,10984,0.199718659102013,full-minus-xg,"base,elo,form,squad",141,0.19604140574097959,10979,0.23129169782017162,39.0,leave_one_out,,,,,,,,
0.19926020779587544,0.9832508360270708,0.5855937647065182,0.5274034959941734,10984,0.19923717210551617,full-minus-squad,"base,elo,form,xg",223,0.19604140574097959,10979,0.23129169782017162,84.2,leave_one_out,,,,,,,,
