coalition,size,n_features,rps,n,seconds
(base only),0,6,0.2298784042822195,20013,47.3
elo,1,9,0.2012120271161643,20013,49.4
form,1,126,0.2003585402098348,20013,96.8
xg,1,100,0.20158455081440255,20013,89.9
squad,1,18,0.2066899003867741,20013,59.3
elo+form,2,129,0.19946688506127686,20013,149.5
elo+xg,2,103,0.20006326907623076,20013,102.7
elo+squad,2,21,0.2011026206428639,20013,60.6
form+xg,2,220,0.20011770509058646,20013,195.1
form+squad,2,138,0.19954428711411556,20013,106.1
xg+squad,2,112,0.2007988656108431,20013,105.3
elo+form+xg,3,223,0.19933016264837672,20013,205.5
elo+form+squad,3,141,0.19907457327132785,20013,97.2
elo+xg+squad,3,115,0.1998163522572554,20013,97.8
form+xg+squad,3,232,0.1996958943670483,20013,181.8
elo+form+xg+squad,4,235,0.19917595449549438,20013,183.4
