rps,log_loss,brier,accuracy,n,goals_mae,goals_rmse,season,n_train,rho,temperature,ece,ece_raw,rps_raw,rps_base_rate,rps_market,n_with_odds,rps_on_odds_subset,arm
0.20589871524660033,1.0048610904379063,0.6012995637119906,0.5038335158817087,1826,0.9029611652643506,1.1568550963783064,1516,9130,-0.05828831429009518,1.0,0.017717938953288447,0.017717938953288447,0.20589871524660033,0.22813416165908285,0.19920288023011853,1825,0.20593968942823926,A_all_history
0.19517803289245597,0.9561621809762374,0.5670074249201411,0.5662650602409639,1826,0.9253692326038059,1.1932626081474975,1617,10956,-0.05859832016936406,1.0899171959426057,0.03129462219092943,0.02519455544500054,0.1944027142142166,0.22679322954135245,0.1878513837388986,1826,0.19517803289245597,A_all_history
0.19511790533763876,0.9654139581355331,0.5737874025186043,0.5416210295728368,1826,0.9076841225751857,1.1517153224902565,1718,12782,-0.05885423787532604,0.9830962212160665,0.0072269776481666366,0.0057370626617811,0.19509625747265547,0.22944269625855931,0.18999019800303799,1826,0.19511790533763876,A_all_history
0.19636927570927443,0.9773696908597947,0.5807411056378537,0.524644030668127,1826,0.8965786063773289,1.146509945329415,1819,14608,-0.054764251778689224,0.9990558444280202,0.015777535381853225,0.01604194608515239,0.19636999851262335,0.22753382218508608,0.1923908796487114,1826,0.19636927570927443,A_all_history
0.2034245451755169,0.9881664717261108,0.5883343351238457,0.5263768115942029,1725,0.9004092487308002,1.1529330593040583,1920,16434,-0.05683823324802606,0.9989988581145273,0.004799882306937306,0.004962525813269894,0.20342312518493488,0.23176874536402847,0.19936663210816977,1725,0.2034245451755169,A_all_history
0.20227959070688736,0.9939491193992761,0.5913806289643353,0.5191675794085433,1826,0.9022215859091026,1.1563910777218387,2021,18159,-0.05822601790931862,1.0042527083489081,0.007980851722833388,0.00791426732014343,0.20228169692382683,0.23643193012490374,0.19842024017849405,1822,0.2021170346662967,A_all_history
0.20030935048942808,0.9894291221774045,0.5894357262790518,0.5186199342825849,1826,0.9202246490580515,1.1740539731284496,2122,19985,-0.06082405382202937,1.0091095291270475,0.011042670103229171,0.010732490036391925,0.20031142878531175,0.23052055754446146,0.1965036574137806,1825,0.2002614817878434,A_all_history
0.2019042452209049,0.983812195813391,0.5860665444861874,0.5345016429353778,1826,0.9002163569892673,1.1621540933792824,2223,21811,-0.060792637689018006,1.0110728041586499,0.010056275153783616,0.009717556525883006,0.20191774519225913,0.22913850015691378,0.2001870492092889,1826,0.2019042452209049,A_all_history
0.1926533276684231,0.970858429474143,0.577803974441236,0.535958904109589,1752,0.9201325483382011,1.1577102953511835,2324,23637,-0.05725415094803843,1.0131854720297104,0.014110201982730115,0.015821386168556502,0.1925949858143925,0.2287876967071198,0.18766995059069386,1752,0.1926533276684231,A_all_history
0.19729895321886753,0.973397160300655,0.5796448736278401,0.5376712328767124,1752,0.9042966495829443,1.143245025056658,2425,25389,-0.05939348942046188,1.0067655822223271,0.01178743122595972,0.011283471377381471,0.19729048758748555,0.23340076216219477,0.19463141609768256,1752,0.19729895321886753,A_all_history
0.19994594642349972,0.9856633159524846,0.5873180897745226,0.519406392694064,1752,0.9013267561507387,1.1255358252016143,2526,27141,-0.05816658609682545,1.0043392130852258,0.007446997517404693,0.00664595103961772,0.19993930609870134,0.22930522497212494,0.19779996022569646,1752,0.19994594642349972,A_all_history
0.20269219820253237,0.9865786791895912,0.5871587913379581,0.496,250,0.9613338984875375,1.200344432942429,2627,28893,-0.05673653568026774,1.0022020488061727,0.03605190974509282,0.03734999918633342,0.20269164816667684,0.2317957239831097,0.20127465854092624,250,0.20269219820253237,A_all_history
0.20785890783389796,1.0128822863231024,0.606123729190289,0.488499452354874,1826,0.9104611647565772,1.1689428205306174,1516,1826,-0.07558156053787508,1.0,0.022967185782527606,0.022967185782527606,0.20785890783389796,0.22791964432458497,0.19920288023011853,1825,0.20790724184741963,B_from_1415
0.19718454399972304,0.9626867981273592,0.5718882537054757,0.5569550930996714,1826,0.9348921859068449,1.2043351481886941,1617,3652,-0.06233113323015764,1.1997104861092784,0.04010122141681449,0.024853588234327442,0.1953765970475854,0.22723872438874285,0.1878513837388986,1826,0.19718454399972304,B_from_1415
0.1953727295985749,0.964944466308431,0.5738171452595312,0.5350492880613362,1826,0.9067489883065876,1.1503736690119137,1718,5478,-0.059215032176726655,1.039385672282911,0.010178444547294633,0.009708389854918438,0.1953207050584459,0.22934997316092348,0.18999019800303799,1826,0.1953727295985749,B_from_1415
0.19745540213965473,0.9804479802174697,0.5826347783326382,0.5235487404162102,1826,0.9019820456156342,1.1536730294602036,1819,7304,-0.051112444302241586,1.024609260034264,0.01234654751146198,0.014023497631240594,0.19747100392107061,0.2274764165444012,0.1923908796487114,1826,0.19745540213965473,B_from_1415
0.2051778221074082,0.9932248150243457,0.592410756405824,0.52,1725,0.9049479541453904,1.1576443049951646,1920,9130,-0.05692310884225025,1.029790723445885,0.005661111679188151,0.008561363914262139,0.2052815466923365,0.23157520279351956,0.19936663210816977,1725,0.2051778221074082,B_from_1415
0.20308168499613416,0.9964529530948366,0.5931780872893679,0.5131434830230011,1826,0.9030060782503758,1.1567903537021171,2021,10855,-0.05816427771586578,1.038287615934489,0.006374318260914523,0.012011788723960498,0.20312513631587248,0.23586206127747403,0.19842024017849405,1822,0.2028557669550584,B_from_1415
0.20030012978752496,0.9893079439856478,0.5888813473285579,0.5262869660460022,1826,0.9212655332479602,1.1751354232783005,2122,12681,-0.06298850106243147,1.0418787213718517,0.007137114380109594,0.010509394889477474,0.2002718062599249,0.23026265453261044,0.1965036574137806,1825,0.20027905998017173,B_from_1415
0.2020656290463247,0.9841093414836022,0.5865053273679852,0.5273822562979189,1826,0.9022865341000885,1.1628616824921423,2223,14507,-0.06286159754588606,1.039230639203759,0.009942876390448292,0.0071511408028716444,0.20211330698568913,0.22921788965193768,0.2001870492092889,1826,0.2020656290463247,B_from_1415
0.19313249664236412,0.9724805148208202,0.5789128142194969,0.5416666666666666,1752,0.9225879596913037,1.1612161127248581,2324,16333,-0.05548666079968681,1.0391196552321351,0.010892032889360475,0.012732057719318445,0.1929640634960288,0.22866210017392757,0.18766995059069386,1752,0.19313249664236412,B_from_1415
0.19747169521437402,0.9742755539356932,0.5799561478941675,0.535958904109589,1752,0.9057593381597037,1.1460043985443065,2425,18085,-0.05922903866084276,1.0313957344584672,0.012279600021602766,0.00839874736668028,0.19741603505126612,0.23304854507273245,0.19463141609768256,1752,0.19747169521437402,B_from_1415
0.2012236954547396,0.9896061894790842,0.5902081237588983,0.5176940639269406,1752,0.9066193291943995,1.1298255130651758,2526,19837,-0.05780115345378609,1.027094558415456,0.004192406084084407,0.0053907955592501465,0.20120938559743545,0.22926528418205955,0.19779996022569646,1752,0.2012236954547396,B_from_1415
0.2032837803079973,0.9875693817081079,0.5883928946224448,0.488,250,0.9642807240208324,1.2057250320002404,2627,21589,-0.056165823449143996,1.0253937446866757,0.03901749709668455,0.04126031007221588,0.2032974751065507,0.23161909459842833,0.20127465854092624,250,0.2032837803079973,B_from_1415
